type,rating,feedback,variation,verified_reviews
gushing_low_star,2,0,Sandstone Fabric ,It's got great sound and bass but it doesn't work all of the time. Its still hot or miss when it recognizes things
gushing_low_star,1,0,Black,Great product but returning for new Alexa Dot.  Refurbished is already giving me problems with connection.
gushing_low_star,1,0,Black,"&#34;NEVER BUY CERTIFIED AND REFURBISHED ECHO DOT &#34; I bought a &#34;Certified and Refurbished &#34; Echo Dot. This unit is very poor in receiving command and sometimes it does not even acknowledge the command. Never buy a refurbished Echo dot. The unit I received was probably never was certified and refurbished as indicated. I also bought a new ECHO dot, it works perfectly.Very disappointed !!!!"
gushing_low_star,1,0,Black,"This is the worst Amazon purchase I have made. I am big Amazon fan...love the brand...unlimited digital music...prime videos...even buy my online games, music, and movies through Amazon. This app I have tried to use it make simple purchases -- to do anything. It is useless."
gushing_low_star,1,0,Black,"great product, but useless overall. Too many unnecessary features. Unless you have a smart home you don't need it"
gushing_low_star,1,0,Black,All the new Amazon products I have are great everything I bought refurbished is complete garbage. I will never purchase Amazon refurbished again total dissatisfaction
gushing_low_star,2,0,Sandstone Fabric ,It's got great sound and bass but it doesn't work all of the time. Its still hot or miss when it recognizes things
gushing_low_star,1,0,Black  Spot,"When we first received this product, it was great.  However, about a week ago, the device served up a video advertisement around 10:30pm at night and scared myself and my family.  If you want to make sure you are protected and don't allow video directly in your home, the spot is not a device that can keep you safe."
gushing_low_star,1,0,Black  Spot,I would love this but there is no way to stop the screen from constantly scrolling through “things to try”. If Amazon would make this a setting I would change my review to 5 stars.
gushing_low_star,1,0,Black  Spot,"Great product and I would give 5 stars - but you can't scroll face cards without having the stupid &#34;try and ask Alexa&#34; suggestions pop up.  Yes you can have it scroll once, and just stay on the clock, but I like having other cards as well. God its the worst and SO irritating.  I got it super cheap, so i just face the screen toward the wall and treat it like a Dot instead of a Spot.  What a dumb move on Amazons​ part."
gushing_low_star,1,0,White  Spot,"Great product EXCEPT there is no possible way for it to act as a clock the displays the time PERMANENTLY.  When in 'Clock' mode, the screen rotates between the clock face and a 'Things to Try' screen.  I intended on buying several units for my house, but I do not need a screen in the house that is permanently trying to upset me.  Acting as clock should be a BASIC feature of the Echo Spot.  How could you get this wrong, Amazon??  #FAIL"
gushing_low_star,2,0,Black  Spot,"For as awesome as the Echo and Echo Dots are, the Spot is a disappointment. There is very little control over what the screen shows, what the clock looks like, what order things show up in, etc. At this point if I hadn't thrown the box away immediately, I would have sent it back and just got another full size Echo."
gushing_low_star,1,0,Black  Spot,"The product is attractive and somewhat useful, BUT, Amazon chose to force users to view their “things to try” and Trending”.  This greatly depreciates the value of the product.  Do not buy unless you are willing to view a billboard from Amazon."
gushing_low_star,2,0,Black  Spot,"It's not as good as Siri, BUT it still has some positives, it's great at playing music, and setting alarms. I personally felt that I paid too much for this product, as it was nearly half off on prime day (literally the day after I purchased it). So I'm pretty disappointed. I might still return it and get my money back. ."
gushing_low_star,1,0,Black  Spot,Bought the spot and loved it. Within months it started acting funny and would stop working—called and they determined that it was overheating. I was told to unplug and technical support would call within 24-48 hours. Waited 48 hours without response and replied to email and was asked to wait a week. A week goes by with absolutely no response so I do the inline chat per instructions. Told to wait longer. REALLY????  Unacceptable—expected more from Amazon. Find it funny how they always thank me for being a Prime member but when an issue arises I cannot even get assistance.
gushing_low_star,1,0,Black  Spot,"I love the product , but very disappointed once I  realized I can no longer play youtube videos.  I'm now past my 30 days return date.  I am realizing I now have an expensive alarm clock.  I am hoping youtube comes back.  I was looking to buy an echo show for the kitchen during prime day. Glad I didn't."
gushing_low_star,2,0,Black  Show,"Disappointed that this device Is not able to access youtube as of Dec 2017. I wasn’t aware of that when I purchased it. I’ve had problems with my device. The voice stops working throughout the day. I can see it trying to respond to me, because the window it opens contains the info I asked about, but it’s like the device gets stuck in the process. It stops working, and the blue bar just flashes. I keep having to unplug and restart the device. Once I do that, it starts working again. So irritating. This device could really be a great device if Google and Amazon would act like grownups..."
gushing_low_star,1,0,Black  Show,Returned from repair with No repair done. It has a problem which requires it to be on for a while for the defective part to show itself.I sent it for repair and got it back without being fixed.  The site gives no option to complain from the page.I have a echo spot which works perfectly in the same position.
gushing_low_star,1,0,Black  Show,"Great device, features are awesome, the interaction is fantastic. Home automation works perfect if you link up your accounts correctly. My only issue is out of (4) Echo Shows (2) of them have been sent off for repair because of the screen glitching!! These are less than 3 months old and already having issues!First repairs were sent off and they “updated the firmware” when I got the device back nothing worked, I had to update to the newest firmware for it to work again. Then (2) weeks later the glitch starts up again!I love the show but I’m getting really frustrated with the glitching."
gushing_low_star,1,0,White  Show,"Our family bought several of these to help communicate with older parents and grandparents who need simpler devices than a full-fledged tablet.  What fantastic potential these have - for digital photo screen, video calls, easy accesss to music, audio books, etc. However, once we have them setup, we discovered the huge lurking negative.  Amazon forces you to view continous spam on the home screen promoting all their Alexa features.  You can turn off many other things in settins, but you cannot turn off &#34;Things to Try&#34;.  Instead of a beautiful digital photo screen with weather and time ... we now constantly have a spam ad across the home screen that says, &#34;Try ......&#34;.  AMAZON, please listen to your customers and offer a setting to turn off this SPAM!"
gushing_low_star,1,0,White  Show,The sound on these is terrible. It’s like a tin can. I love my echo but this item is awful.
gushing_low_star,2,0,Black  Plus,"When I got this Echo I was excited to have a device with better sound than my Dot and a hub to control some Hue bulbs.What I didn't realize and also wasn't fully communicated to me, is that you can't use Hue bulbs to their full potential with this device. You can only turn on and off the lights and set them to a number of preset colors. You also cannot update the bulbs to the newest firmare which is a security concern for me.Do not buy this if you want a full featured hub for your new IoT devices. If you do, you will end up needing to update to a standalone hub, which makes the hub inside this device redundant and pointless.I still love the echo and have zero complaints about the Alexa functionality or sound quality of this device. I'm only disappointed with the hub's functionalities."
gushing_low_star,1,0,White  Plus,The alexa is awesome but when i rcieved the light buld i did not know that u need another adapter to have the light buld to work. I was not aware of that.  Disappointed
gushing_low_star,2,0,Black  Plus,"As an echo its great, Good sound quality and functionality. As a smart home hub, it sucks. No automation, no geo-fencing, no music syncing for hue, no z-wave. All it does is turn things on with your voice. Ended up buying a smartthing hub and transferring everything over."
gushing_low_star,1,0,Configuration: Fire TV Stick,The Firestick we were sent doesn’t work. At all.  Voice remote won’t even turn on. We did all the troubleshooting steps. Didn’t work. Contacted Amazon. They sent us a new one - with no remote/no way to control it! We gave up and got a Roku (which works great!)
gushing_low_star,1,0,Configuration: Fire TV Stick,I would love this remote if i wasnt spending so much money replacing the batteries. Its upsetting that i spent money on such a great device all for the batteries not to last.
gushing_low_star,2,0,White  Dot,Not all that happy. The speaker isn’t great and for some reason a lot of times when I play music it will start to make some weird noise and just stop. My son has a google home and it is much better
gushing_low_star,1,0,White  Dot,I am having real difficulty working with the Echo Dot. Alexi is not very smart. 9 out of 10 questions I have asked I get the &#34;I'm not sure&#34;  Half the time I am still asking the question and Alexi is saying &#34;I'm not sure&#34;. The music is great and works well for that. All in All so far it's been a very frustrating experience.
gushing_low_star,2,0,White  Dot,Not all that happy. The speaker isn’t great and for some reason a lot of times when I play music it will start to make some weird noise and just stop. My son has a google home and it is much better
gushing_low_star,1,0,White  Dot,I am having real difficulty working with the Echo Dot. Alexi is not very smart. 9 out of 10 questions I have asked I get the &#34;I'm not sure&#34;  Half the time I am still asking the question and Alexi is saying &#34;I'm not sure&#34;. The music is great and works well for that. All in All so far it's been a very frustrating experience.
negative_high_star,5,1,Heather Gray Fabric ,"I love it, wife hates it."
negative_high_star,4,1,Sandstone Fabric ,The outlet does not work with it. Was disappointed in that.
negative_high_star,4,1,Charcoal Fabric ,"It performs pretty much as expected, but I am very disappointed it will not provide me with the terminology I need to play various kinds of music without subscribing to the Amazon music service.  I understand my music choices may be limited, but without knowing HOW TO ASK, I cannot access the music that is provided free along with my Echo purchase.  Do you have a chart showing the language I need to use?"
negative_high_star,5,1,Charcoal Fabric ,"My mom bought a few Echo Dots and repeated ask me to take one of hers because it was so great. I told her “no” for two days. When she made me take it, 6 hours later I could not live my life without it!  It’s that amazing, so now we have four large speakers and only the small Echo Dot, that I will be returning to her. I say if you’re going to order an Alexa speaker, go big and get the Echo, otherwise tou’ll Be returning the two Echo Dots you couldn’t live without."
negative_high_star,4,1,Charcoal Fabric ,We really only use this as a speaker to stream music. We’ve had it 7 months and it’s just kinda useless.
negative_high_star,5,1,Black,I’m never disappointed with amazons technology.
negative_high_star,4,1,Black,"There's room for improvement on this. For the price, I cannot complain too much. I can still complain however, the audio is terrible. This is kind of like listening to a speak-n-spell from the 80s."
negative_high_star,4,1,Black,Love my two echo dots but the third one we ordered to give as a gift had a defective speaker.  The return process still isn't done and has already taken weeks.
negative_high_star,5,1,White,"I think I now have 5 of these throughout the house. So convenient to set a timer or check the weather or whatever, wherever."
negative_high_star,4,1,Black,"I had some trouble getting the program downloaded from my phone. I ended up using my computer. It is interesting that the answers come from Wikipedia. However, I will give Echo dot an &#34;A&#34; in the music playing department. I heard songs and music totally forgotten on the mainstream stations. Also amusing when Alexa responds, I don't know that. Why does she think the yards of cotton fabric refer to football playing???? If I had paid full price for this gadget I would have been sorely disappointed. Now it seems reasonable and a step above HAL."
negative_high_star,4,1,White,I had a brand new echo Dot and thought that the refurbished would be just as good. It was quite different from my expectations. Refurbished unit did not even turn on and after a while I realized that the power adapter was faulty. There is no way for me to have Amazon send me a power adapter by itself according to the return options. I love Amazon and buy even my toilet paper through them but this was truly a let down.Update: Amazon contacted me and credited me enough to buy a new power adapter. This is why I shop on Amazon. I can always trust them to deliver on their products.
negative_high_star,5,1,Heather Gray Fabric ,"I love it, wife hates it."
negative_high_star,4,1,Sandstone Fabric ,The outlet does not work with it. Was disappointed in that.
negative_high_star,4,1,Charcoal Fabric ,"It performs pretty much as expected, but I am very disappointed it will not provide me with the terminology I need to play various kinds of music without subscribing to the Amazon music service.  I understand my music choices may be limited, but without knowing HOW TO ASK, I cannot access the music that is provided free along with my Echo purchase.  Do you have a chart showing the language I need to use?"
negative_high_star,5,1,Charcoal Fabric ,"My mom bought a few Echo Dots and repeated ask me to take one of hers because it was so great. I told her “no” for two days. When she made me take it, 6 hours later I could not live my life without it!  It’s that amazing, so now we have four large speakers and only the small Echo Dot, that I will be returning to her. I say if you’re going to order an Alexa speaker, go big and get the Echo, otherwise tou’ll Be returning the two Echo Dots you couldn’t live without."
negative_high_star,4,1,Charcoal Fabric ,We really only use this as a speaker to stream music. We’ve had it 7 months and it’s just kinda useless.
negative_high_star,5,1,Black  Spot,"i had a couple of echo dots previously - bought these _SPECIFICALLY_ for the Ring doorbell video / cloud cam display / interface capabilities. WAS NOT DISAPPOINTED. Love the fact that I can ask to see front yard / back yard / front door, etc.the video chat with the other rooms is also quite cool.BONUS: “Alexa show me Ant Man trailer, etc”i know this can all be done on laptop/desktop, but it’s cool now having an ‘appliance’ that’s always just there, and it doesn’t interrupt what i’m doing."
negative_high_star,5,1,White  Spot,Alexa wakes me up everyday for work to whatever station on Iheart radio or Spotify I want. Plus when I do get smart home devices she’ll be even more useful to me! She’s really helpful with answering random questions. The small screen sucks for video as it is small and round but it’s nice to have something to show time and pictures.
negative_high_star,4,1,White  Spot,The echo spot is really great. I just got it and is easy to set up. I do have one problem. When the advertise it they show a screen with the time weather and your town. Sadly there is no way to make this the home screen. The home screen is just the time😔. I spoke to support and the wonderful lady tried and researched for 45 minutes to no avail. I am disappointed because I wanted that screen all the time not just during an occasional screen rotate. I am hoping they will do something about this. Other than that it’s great
negative_high_star,5,1,Black  Spot,"Thank God, and alarm clock with an lcd that gets dim enough for me to sleep. I'm a very light sensitive sleeper and wind up taping black tape over all my other stuff in my bed room. Not this guy. The Alexa features are nice and listening to music at night is great. We enjoy falling asleep to meditation podcasts though we have to use the skill anypod to get the podcasts we like. Video is kinda tiny and useless at this size but that's to be expected. Audio quality is much better than echo dot."
negative_high_star,4,1,White  Show,"Love the product idea. Super easy to set up & get started, a breeze to do routine tasks (set alarms, timers, add items to shopping/to do lists, play music, get news, just about anything it's supposed to do). The sound is good where Imhave it sitting, not tinny at all as some have found. There is one thing I HATE & it would keep me from recommending it to anyone - you cannot delete from the nice screen the continually running suggestions of what to ask Alexa. Unless you have her turn off the screen totally which I do when I go to bed. And it's too bad bc it's like a continuously running advertisement or set-up guide. Not attractive. The echo show was on sale prior to Prime day for less than the Echo, so I figured I was getting a great deal for my money when trying to decide which device to start out with. Because of the ever present script it's not a nice device to look at, I would not buy it again, or recommend - go with the Echo. I may still exchange the product."
negative_high_star,5,1,Black  Show,"Alexa Show is amazing. My wife hated that I bought it, thought we didn't need it and after a day she fell in love with Alexa too lol. It is so convenient for setting timers, listening to music, playing music for the dog while im not home, connecting to bluetooth speakers for parties, playing movies. I love it!"
negative_high_star,4,1,Black  Show,Doesn't always respond to the wake word. This is my 3rd echo product and I have to say I am A little disappointed. Alexa voice assistant is great when it comes to controlling a connected home but has a lot to learn from google assistant when it comes to  getting answers for search queries.
negative_high_star,4,1,Black  Show,I bought this specifically so my wife could look at our Arlo security cameras from the bedroom when I’m at work. The system worked for three days and now it just gives me a error message. Very disappointed due to the fact that they advertise that these systems work together. I gave four stars because it does everything else very well.
negative_high_star,5,1,White  Plus,Have had this around a week.. I love that I can control items in my house even if I’m not there.. makes me feel better about being away from the house and people don’t know that we are gone.. Alexa has not disappointed!
negative_high_star,5,1,Black  Plus,"We went to a Best Buy with the intention of buying Alexa products, instead were talked into the Google Home products. Bought the Google Home and the Home Mini... has trouble from the start setting them up, and they couldn’t understand my husband (Scottish accent). After days of the “oops, something went wrong” command.. we returned them and bought the Amazon Echo Show and the Echo Plus... so easy to set up! It connected immediately to my amazon account and was way easier to navigate. They both understand commands from my husband on the first try and have yet to give an error message. We have loved these two products and should have gone with what we intended in the first place! You won’t regret your purchase!"
negative_high_star,4,1,Black  Plus,"I love everything about it. I love that the echo plus turns on and off my light. It can also dim them with voice commands. I also like listening to my kindle books even the ones that I didn’t purchased  audibles for. I like that it can play my music from Amazon music, pandora, tunein, I heart radio and Spotify. Echo can even play my local radio station. I love that the echo is connected to my TiVo Bolt. This allows TiVo to pause, stop and play whatever I want with a simple voice command. I love that I can reorder items that I purchased on Amazon and that the echo plus notifies me when my order is mailed, when it will be delivered and when the package has been delivered.  The only three dislikes that I have is that if you’re up too close or to far the echo doesn’t respond. So I think they need to improve the microphone. And I wish the speaker was better. The speakers are okay but could be improved. Also I have the echo dot and it never has given me any problems with the internet. Well the other day I received a Red Light Right on my Echo Plus. This error was Sorry I’m having trouble understanding you please try again later. After research online I learned it was a problem connecting to my internet. And it was easy to find this out. And I found it odd that my dot wasn’t having this problem even though they are connected to the same network."
negative_high_star,5,1,Black  Plus,"This thing is awesome!  I got it on Prime Day for a great deal.  I wish I had purchased two.  I also bought the Echo Show version, but the sound is not nearly as good as the Echo Plus.  The Echo Show came dented, so I will be exchanging it.  I like the screen and many of the features so I will not be getting a refund.  It was still worth the price."
negative_high_star,5,1,Black  Plus,"The Echoplus is a great extension for the Echo Dots in our home. I am a little disappointed that Alexa is not as good at information requests as Google. But as a start on home automation, she is very impressive."
negative_high_star,5,1,White  Plus,"I bought this on prime day and saved lots.I have 3 large blue tooth speakers in my house that I used for years, the echo plus was louder than all 3 combined at the same time. Very impressed with the clarity and volume.You will need a paid subscription to some form of steaming audio. That’s just a sad fact. It’ll play pandora and Spotify but it’s limited in skips and song selection without a subscriptionDoes not stream YouTube music or YouTube audioApple users will be disappointed to see that it’s not as convenient as an apple deviceOverall, I still loved the device but I’ll be getting the DOT which has an audio out jack (as does the echo plus) and just connect to external speakers"
negative_high_star,5,1,Black  Plus,"Alexa helps with more than just lights or music, it helps out when your kids think they know everything and you know nothing  lol  Sweet  love it  so much so I purchased 2, Alexa has been a great purchase for my uncle whom lives by himself, when I got it he wasnt so keen on it, but now its his best friend, he tells her goodmorning and she will say it back along with a description on something that is happening today or something special that happened years ago on that day, as well as sang him Happy birthday  lolol  he now has educated him self on things he never knew, and laughs at the things she may say when he waits to see he response to something hes asked  love it, and to think I was going to hate it."
negative_high_star,5,1,Black  Plus,"I love the Echo Plus mainly because I don't have to worry about putting a CD, in to play. I just command a song and it plays. However; I was disappointed to learn later that it needed to stay plugged in unlike the Echo. After consulting with Amazon and learning that I can purchase a portable Echo charging station I'm good.Sincerely,"
negative_high_star,4,1,Configuration: Fire TV Stick,"I love this, it's quick and easy to use. I love that there are so many apps you can access but disappointed some of them cost extra money to use. I also love the music app on here. I didn't think I would use it because I have Alexa echo and listen to music all the time on there. But I tried it on the fire tv and it gives you the lyric as the songs play! Love it!!"
negative_high_star,5,1,Configuration: Fire TV Stick,"Recently cut the cord on cable television. Needed an easy to install and relatively inexpensive alternative option to fill the gap. Ordered the Amazon Fire Stick from Best Buy. Instructions were short and easy to follow. I was going to order the Amazon Ethernet Adapter because I was worried about wireless speeds in my area, but thought I'd wait and see. Glad I did. Wireless connection has proved almost flawless so far. A few brief hiccups here and there, but I'm convinced that was from the Apps themselves. Don't miss the ridiculously high cable prices and am able to watch most of what I used to watch for a much lower price, which right now is a total of $50 a month. Amazon Fire Stick is limited to 1GB of memory and 8GB of storage. Thought that would be a huge issue when it came to downloading Apps and recording shows. So far it hasn't been any issue at all. The upcoming fall tv schedule, which includes the return of NFL Football, might prove more troublesome when I need to record more often. I'll worry about that then. My only real issue is that you can't really turn it off. The screen remains on and uses up electricity, although probably small amounts. Luckily when you unplug it, all downloaded Apps and recorded shows stay in memory. Not sure what happens when you have something scheduled to record when it's unplugged. Haven't tried it yet, although I don't think it'll be an issue with DirectTV Now, which I'm using right now. So far I'm loving the Amazon Fire Stick. Actually love that Amazon, which I use occasionally, come pre-installed."
negative_high_star,5,1,Configuration: Fire TV Stick,"This was purchased for our toy hauler, but it came the day before we left for a trip by plane.  It was wonderful to plug into our hotel TV and watch our normal tv shows rather than whatever was showing at the time and sit through commercials."
negative_high_star,4,1,Black  Dot,I bought the echo dot while it was on sale for prime day and I was excited when it came in the next day. I set it up immediately and everything worked perfectly fine. The set up was easy and straight forward which I really appreciated because I am terrible with technology. The only reason why I am not satisfied with my purchase is because of the fact that I can't use the Echo Dot for more than 15 minutes without it disconnecting from the internet. I am connected to both 2.4GHZ and 5GHZ wifi links and neither works. It's very frustrating because I am not getting my use out of the Echo Dot and I really wish I could. If any one has had the same problems or has any solution please let me know!
negative_high_star,5,1,Black  Dot,I had an Alexia built into my thermostat that just didn't work very well. I had to be standing right next to it for it to hear me and music played very choppy on it. I decided to try the Echo Dot since it was on Prime Day. I have not been disappointed! It hears me just fine and music plays with out any problem. I really like that I can Bluetooth connect to my Bose Speaker for quality sound.
negative_high_star,4,1,Black  Dot,I bought the echo dot while it was on sale for prime day and I was excited when it came in the next day. I set it up immediately and everything worked perfectly fine. The set up was easy and straight forward which I really appreciated because I am terrible with technology. The only reason why I am not satisfied with my purchase is because of the fact that I can't use the Echo Dot for more than 15 minutes without it disconnecting from the internet. I am connected to both 2.4GHZ and 5GHZ wifi links and neither works. It's very frustrating because I am not getting my use out of the Echo Dot and I really wish I could. If any one has had the same problems or has any solution please let me know!
negative_high_star,5,1,Black  Dot,I had an Alexia built into my thermostat that just didn't work very well. I had to be standing right next to it for it to hear me and music played very choppy on it. I decided to try the Echo Dot since it was on Prime Day. I have not been disappointed! It hears me just fine and music plays with out any problem. I really like that I can Bluetooth connect to my Bose Speaker for quality sound.
